{
  "overall_accuracy": 0.8282097649186256,
  "macro_accuracy": 0.8010573805405123,
  "n_test": 553,
  "K": 5,
  "MIN_TOTAL": 6,
  "seed": 37,
  "device": "mps",
  "bioclip_version": "unknown",
  "timestamp": 1758322029
}