{
  "overall_accuracy": 0.8517179023508138,
  "macro_accuracy": 0.6703201522961779,
  "n_test": 553,
  "K": 5,
  "MIN_TOTAL": 6,
  "seed": 10,
  "device": "mps",
  "bioclip_version": "unknown",
  "timestamp": 1758322027
}