{
  "overall_accuracy": 0.759493670886076,
  "macro_accuracy": 0.7651446900616312,
  "n_test": 553,
  "K": 5,
  "MIN_TOTAL": 6,
  "seed": 84,
  "device": "mps",
  "bioclip_version": "unknown",
  "timestamp": 1758322033
}