{
  "overall_accuracy": 0.895117540687161,
  "macro_accuracy": 0.8800527357388944,
  "n_test": 553,
  "K": 5,
  "MIN_TOTAL": 6,
  "seed": 72,
  "device": "mps",
  "bioclip_version": "unknown",
  "timestamp": 1758322032
}