{
  "overall_accuracy": 0.8264014466546112,
  "macro_accuracy": 0.8018316107291149,
  "n_test": 553,
  "K": 5,
  "MIN_TOTAL": 6,
  "seed": 20,
  "device": "mps",
  "bioclip_version": "unknown",
  "timestamp": 1758322028
}