{
  "overall_accuracy": 0.8517179023508138,
  "macro_accuracy": 0.8382612273518836,
  "n_test": 553,
  "K": 5,
  "MIN_TOTAL": 6,
  "seed": 47,
  "device": "mps",
  "bioclip_version": "unknown",
  "timestamp": 1758322030
}