{
  "overall_accuracy": 0.7974683544303798,
  "macro_accuracy": 0.8346943210563375,
  "n_test": 553,
  "K": 5,
  "MIN_TOTAL": 6,
  "seed": 25,
  "device": "mps",
  "bioclip_version": "unknown",
  "timestamp": 1758322029
}