{
  "overall_accuracy": 0.810126582278481,
  "macro_accuracy": 0.7607551062393333,
  "n_test": 553,
  "K": 5,
  "MIN_TOTAL": 6,
  "seed": 38,
  "device": "mps",
  "bioclip_version": "unknown",
  "timestamp": 1758322030
}