{
  "overall_accuracy": 0.8209764918625678,
  "macro_accuracy": 0.8347756847677743,
  "n_test": 553,
  "K": 5,
  "MIN_TOTAL": 6,
  "seed": 59,
  "device": "mps",
  "bioclip_version": "unknown",
  "timestamp": 1758322031
}