{
  "overall_accuracy": 0.8354430379746836,
  "macro_accuracy": 0.8108592158601287,
  "n_test": 553,
  "K": 5,
  "MIN_TOTAL": 6,
  "seed": 29,
  "device": "mps",
  "bioclip_version": "unknown",
  "timestamp": 1758322029
}