{
  "overall_accuracy": 0.8318264014466547,
  "macro_accuracy": 0.6480866488755987,
  "n_test": 553,
  "K": 5,
  "MIN_TOTAL": 6,
  "seed": 53,
  "device": "mps",
  "bioclip_version": "unknown",
  "timestamp": 1758322031
}