{
  "overall_accuracy": 0.8010849909584087,
  "macro_accuracy": 0.6139112822607985,
  "n_test": 553,
  "K": 5,
  "MIN_TOTAL": 6,
  "seed": 97,
  "device": "mps",
  "bioclip_version": "unknown",
  "timestamp": 1758322034
}