{
  "overall_accuracy": 0.8589511754068716,
  "macro_accuracy": 0.8223195032409298,
  "n_test": 553,
  "K": 5,
  "MIN_TOTAL": 6,
  "seed": 51,
  "device": "mps",
  "bioclip_version": "unknown",
  "timestamp": 1758322030
}