{
  "overall_accuracy": 0.8716094032549728,
  "macro_accuracy": 0.8638003343793554,
  "n_test": 553,
  "K": 5,
  "MIN_TOTAL": 6,
  "seed": 11,
  "device": "mps",
  "bioclip_version": "unknown",
  "timestamp": 1758322028
}