{
  "overall_accuracy": 0.8788426763110307,
  "macro_accuracy": 0.8415303795524416,
  "n_test": 553,
  "K": 5,
  "MIN_TOTAL": 6,
  "seed": 35,
  "device": "mps",
  "bioclip_version": "unknown",
  "timestamp": 1758322029
}