{
  "overall_accuracy": 0.8354430379746836,
  "macro_accuracy": 0.7898194525334886,
  "n_test": 553,
  "K": 5,
  "MIN_TOTAL": 6,
  "seed": 2,
  "device": "mps",
  "bioclip_version": "unknown",
  "timestamp": 1758322027
}