{
  "overall_accuracy": 0.864376130198915,
  "macro_accuracy": 0.8119999884097278,
  "n_test": 553,
  "K": 5,
  "MIN_TOTAL": 6,
  "seed": 98,
  "device": "mps",
  "bioclip_version": "unknown",
  "timestamp": 1758322034
}