{
  "overall_accuracy": 0.8047016274864376,
  "macro_accuracy": 0.7865050403196598,
  "n_test": 553,
  "K": 5,
  "MIN_TOTAL": 6,
  "seed": 93,
  "device": "mps",
  "bioclip_version": "unknown",
  "timestamp": 1758322034
}