{
  "overall_accuracy": 0.8607594936708861,
  "macro_accuracy": 0.6606675996835856,
  "n_test": 553,
  "K": 5,
  "MIN_TOTAL": 6,
  "seed": 70,
  "device": "mps",
  "bioclip_version": "unknown",
  "timestamp": 1758322032
}