{
  "overall_accuracy": 0.8806509945750453,
  "macro_accuracy": 0.8427481115100097,
  "n_test": 553,
  "K": 5,
  "MIN_TOTAL": 6,
  "seed": 63,
  "device": "mps",
  "bioclip_version": "unknown",
  "timestamp": 1758322031
}