{
  "overall_accuracy": 0.786618444846293,
  "macro_accuracy": 0.5275249842806933,
  "n_test": 553,
  "K": 5,
  "MIN_TOTAL": 6,
  "seed": 88,
  "device": "mps",
  "bioclip_version": "unknown",
  "timestamp": 1758322033
}