{
  "overall_accuracy": 0.8083182640144665,
  "macro_accuracy": 0.6369921504880953,
  "n_test": 553,
  "K": 5,
  "MIN_TOTAL": 6,
  "seed": 44,
  "device": "mps",
  "bioclip_version": "unknown",
  "timestamp": 1758322030
}