{
  "overall_accuracy": 0.7685352622061483,
  "macro_accuracy": 0.7450646012801456,
  "n_test": 553,
  "K": 5,
  "MIN_TOTAL": 6,
  "seed": 21,
  "device": "mps",
  "bioclip_version": "unknown",
  "timestamp": 1758322028
}