{
  "overall_accuracy": 0.8625678119349005,
  "macro_accuracy": 0.8294597484331401,
  "n_test": 553,
  "K": 5,
  "MIN_TOTAL": 6,
  "seed": 33,
  "device": "mps",
  "bioclip_version": "unknown",
  "timestamp": 1758322029
}