{
  "overall_accuracy": 0.7739602169981917,
  "macro_accuracy": 0.775502858450902,
  "n_test": 553,
  "K": 5,
  "MIN_TOTAL": 6,
  "seed": 42,
  "device": "mps",
  "bioclip_version": "unknown",
  "timestamp": 1758322030
}