{
  "overall_accuracy": 0.8571428571428571,
  "macro_accuracy": 0.848885102733276,
  "n_test": 553,
  "K": 5,
  "MIN_TOTAL": 6,
  "seed": 71,
  "device": "mps",
  "bioclip_version": "unknown",
  "timestamp": 1758322032
}