{
  "overall_accuracy": 0.8245931283905967,
  "macro_accuracy": 0.6281473239510079,
  "n_test": 553,
  "K": 5,
  "MIN_TOTAL": 6,
  "seed": 95,
  "device": "mps",
  "bioclip_version": "unknown",
  "timestamp": 1758322034
}