{
  "overall_accuracy": 0.8173598553345389,
  "macro_accuracy": 0.6162903595012705,
  "n_test": 553,
  "K": 5,
  "MIN_TOTAL": 6,
  "seed": 22,
  "device": "mps",
  "bioclip_version": "unknown",
  "timestamp": 1758322028
}