{
  "overall_accuracy": 0.7992766726943942,
  "macro_accuracy": 0.7977687566825165,
  "n_test": 553,
  "K": 5,
  "MIN_TOTAL": 6,
  "seed": 28,
  "device": "mps",
  "bioclip_version": "unknown",
  "timestamp": 1758322029
}