{
  "overall_accuracy": 0.8444846292947559,
  "macro_accuracy": 0.8492234807326211,
  "n_test": 553,
  "K": 5,
  "MIN_TOTAL": 6,
  "seed": 81,
  "device": "mps",
  "bioclip_version": "unknown",
  "timestamp": 1758322033
}