{
  "overall_accuracy": 0.833634719710669,
  "macro_accuracy": 0.8259801168878959,
  "n_test": 553,
  "K": 5,
  "MIN_TOTAL": 6,
  "seed": 23,
  "device": "mps",
  "bioclip_version": "unknown",
  "timestamp": 1758322028
}