{
  "overall_accuracy": 0.8734177215189873,
  "macro_accuracy": 0.676273263849651,
  "n_test": 553,
  "K": 5,
  "MIN_TOTAL": 6,
  "seed": 78,
  "device": "mps",
  "bioclip_version": "unknown",
  "timestamp": 1758322032
}