{
  "overall_accuracy": 0.8227848101265823,
  "macro_accuracy": 0.7884136104567435,
  "n_test": 553,
  "K": 5,
  "MIN_TOTAL": 6,
  "seed": 54,
  "device": "mps",
  "bioclip_version": "unknown",
  "timestamp": 1758322031
}