{
  "overall_accuracy": 0.8010849909584087,
  "macro_accuracy": 0.6063073102744866,
  "n_test": 553,
  "K": 5,
  "MIN_TOTAL": 6,
  "seed": 9,
  "device": "mps",
  "bioclip_version": "unknown",
  "timestamp": 1758322027
}