{
  "overall_accuracy": 0.8300180831826401,
  "macro_accuracy": 0.837115586887925,
  "n_test": 553,
  "K": 5,
  "MIN_TOTAL": 6,
  "seed": 90,
  "device": "mps",
  "bioclip_version": "unknown",
  "timestamp": 1758322033
}