{
  "overall_accuracy": 0.8481012658227848,
  "macro_accuracy": 0.8518895910662181,
  "n_test": 553,
  "K": 5,
  "MIN_TOTAL": 6,
  "seed": 69,
  "device": "mps",
  "bioclip_version": "unknown",
  "timestamp": 1758322032
}