{
  "overall_accuracy": 0.8896925858951176,
  "macro_accuracy": 0.6293058875685638,
  "n_test": 553,
  "K": 5,
  "MIN_TOTAL": 6,
  "seed": 77,
  "device": "mps",
  "bioclip_version": "unknown",
  "timestamp": 1758322032
}