mode,shots,mean_macro,ci95_macro,mean_overall,ci95_overall,n_runs_macro
both,1,0.5788566078704317,0.0163859745345744,0.6541201117318436,0.02550321984908,100
both,3,0.7240096183394339,0.010118912926979,0.776487252124646,0.0106255328451612,100
both,5,0.7870993708935698,0.0081346400120552,0.8221982758620691,0.0059103888378873,100
both,10,0.8557116138978396,0.0060756191313708,0.8729359165424739,0.004395095079748,100
both,25,0.9082701094080252,0.0036678906621563,0.9066946308724833,0.0027270637446193,100
both,35,0.9239566639029132,0.0039589831762529,0.915879120879121,0.0029479531906952,100
