{
  "overall_accuracy": 0.7956600361663653,
  "macro_accuracy": 0.8115413033840697,
  "n_test": 553,
  "K": 5,
  "MIN_TOTAL": 6,
  "seed": 62,
  "device": "mps",
  "bioclip_version": "unknown",
  "timestamp": 1758322031
}