{
  "overall_accuracy": 0.8462929475587704,
  "macro_accuracy": 0.8336718851867626,
  "n_test": 553,
  "K": 5,
  "MIN_TOTAL": 6,
  "seed": 80,
  "device": "mps",
  "bioclip_version": "unknown",
  "timestamp": 1758322033
}