{
  "overall_accuracy": 0.8191681735985533,
  "macro_accuracy": 0.849972212322198,
  "n_test": 553,
  "K": 5,
  "MIN_TOTAL": 6,
  "seed": 46,
  "device": "mps",
  "bioclip_version": "unknown",
  "timestamp": 1758322030
}