{
  "overall_accuracy": 0.8679927667269439,
  "macro_accuracy": 0.5970676611120286,
  "n_test": 553,
  "K": 5,
  "MIN_TOTAL": 6,
  "seed": 45,
  "device": "mps",
  "bioclip_version": "unknown",
  "timestamp": 1758322030
}