{
  "overall_accuracy": 0.8155515370705244,
  "macro_accuracy": 0.8185902751820399,
  "n_test": 553,
  "K": 5,
  "MIN_TOTAL": 6,
  "seed": 50,
  "device": "mps",
  "bioclip_version": "unknown",
  "timestamp": 1758322030
}