{
  "overall_accuracy": 0.810126582278481,
  "macro_accuracy": 0.8040797178927725,
  "n_test": 553,
  "K": 5,
  "MIN_TOTAL": 6,
  "seed": 4,
  "device": "mps",
  "bioclip_version": "unknown",
  "timestamp": 1758322027
}