{
  "overall_accuracy": 0.8318264014466547,
  "macro_accuracy": 0.8050055488428562,
  "n_test": 553,
  "K": 5,
  "MIN_TOTAL": 6,
  "seed": 34,
  "device": "mps",
  "bioclip_version": "unknown",
  "timestamp": 1758322029
}