{
  "overall_accuracy": 0.8372513562386981,
  "macro_accuracy": 0.8490202453081128,
  "n_test": 553,
  "K": 5,
  "MIN_TOTAL": 6,
  "seed": 7,
  "device": "mps",
  "bioclip_version": "unknown",
  "timestamp": 1758322027
}