{
  "overall_accuracy": 0.8028933092224232,
  "macro_accuracy": 0.767745025600014,
  "n_test": 553,
  "K": 5,
  "MIN_TOTAL": 6,
  "seed": 67,
  "device": "mps",
  "bioclip_version": "unknown",
  "timestamp": 1758322032
}