{
  "overall_accuracy": 0.8734177215189873,
  "macro_accuracy": 0.8284604351567729,
  "n_test": 553,
  "K": 5,
  "MIN_TOTAL": 6,
  "seed": 8,
  "device": "mps",
  "bioclip_version": "unknown",
  "timestamp": 1758322027
}