{
  "overall_accuracy": 0.8209764918625678,
  "macro_accuracy": 0.8018704381412679,
  "n_test": 553,
  "K": 5,
  "MIN_TOTAL": 6,
  "seed": 41,
  "device": "mps",
  "bioclip_version": "unknown",
  "timestamp": 1758322030
}