{
  "overall_accuracy": 0.9041591320072333,
  "macro_accuracy": 0.8851856037227954,
  "n_test": 553,
  "K": 5,
  "MIN_TOTAL": 6,
  "seed": 99,
  "device": "mps",
  "bioclip_version": "unknown",
  "timestamp": 1758322034
}