{
  "overall_accuracy": 0.8300180831826401,
  "macro_accuracy": 0.6383891839579041,
  "n_test": 553,
  "K": 5,
  "MIN_TOTAL": 6,
  "seed": 6,
  "device": "mps",
  "bioclip_version": "unknown",
  "timestamp": 1758322027
}