{
  "overall_accuracy": 0.8716094032549728,
  "macro_accuracy": 0.8490032076078547,
  "n_test": 553,
  "K": 5,
  "MIN_TOTAL": 6,
  "seed": 36,
  "device": "mps",
  "bioclip_version": "unknown",
  "timestamp": 1758322029
}