{
  "overall_accuracy": 0.840867992766727,
  "macro_accuracy": 0.8750803350747717,
  "n_test": 553,
  "K": 5,
  "MIN_TOTAL": 6,
  "seed": 79,
  "device": "mps",
  "bioclip_version": "unknown",
  "timestamp": 1758322033
}